<?xml version="1.0" encoding="UTF-8"?>
<project-private xmlns="http://www.netbeans.org/ns/project-private/1">
    <editor-bookmarks xmlns="http://www.netbeans.org/ns/editor-bookmarks/2" lastBookmarkId="0"/>
    <open-files xmlns="http://www.netbeans.org/ns/projectui-open-files/2">
        <group>
            <file>file:/C:/Users/charu%20nandhini/Desktop/project/code/pos/src/java/Thesaurus.java</file>
            <file>file:/C:/Users/charu%20nandhini/Desktop/project/code/pos/src/java/Stopwords1.java</file>
            <file>file:/C:/Users/charu%20nandhini/Desktop/project/code/pos/src/java/tagTextToFile.java</file>
            <file>file:/C:/Users/charu%20nandhini/Desktop/project/code/pos/src/java/pos.java</file>
            <file>file:/C:/Users/charu%20nandhini/Desktop/project/code/pos/src/java/tagText.java</file>
            <file>file:/C:/Users/charu%20nandhini/Desktop/project/code/pos/src/java/Stemmer.java</file>
            <file>file:/C:/Users/charu%20nandhini/Desktop/project/code/pos/src/java/Annota.java</file>
        </group>
    </open-files>
</project-private>
